,audio_hearing_aid_used,audio_hearing_difficulty,dis_deaf_serious_diff_hearing
audio_hearing_aid_used,1.0,0.29766674714924835,0.024296532706854983
audio_hearing_difficulty,0.29766674714924835,1.0,0.0010867439110345647
dis_deaf_serious_diff_hearing,0.024296532706854983,0.0010867439110345647,1.0
