,urine_alb_creat_ratio,urine_trimethylarsine_ugl,urine_void1_ml,urine_void1_flow_mlmin
urine_alb_creat_ratio,1.0,0.0016327266214981257,0.01694799351131246,0.01051190524713526
urine_trimethylarsine_ugl,0.0016327266214981257,1.0,0.04205640446378266,0.03335607103400035
urine_void1_ml,0.01694799351131246,0.04205640446378266,1.0,0.5633934398427687
urine_void1_flow_mlmin,0.01051190524713526,0.03335607103400035,0.5633934398427687,1.0
